Sequence,Mean IoU,FPS,Total Frames
uav0000086_00870_s,0.04610455584271971,19.8231331653703,536
